customer_id,name,email,phone,registration_date
1,Customer_0001,customer1@example.com,010-2637-3125,2025-03-31
2,Customer_0002,customer2@example.com,010-8655-7911,2025-01-01
3,Customer_0003,customer3@example.com,010-3543-4841,2025-06-28
4,Customer_0004,customer4@example.com,010-4734-8422,2025-07-12
5,Customer_0005,customer5@example.com,010-8474-8770,2025-10-14
6,Customer_0006,customer6@example.com,010-8863-5533,2025-10-22
7,Customer_0007,customer7@example.com,010-2246-1523,2025-07-25
8,Customer_0008,customer8@example.com,010-1050-6007,2025-08-19
9,Customer_0009,customer9@example.com,010-9990-7152,2025-06-10
10,Customer_0010,customer10@example.com,010-8358-5569,2024-12-11
11,Customer_0011,customer11@example.com,010-9481-8641,2025-04-29
12,Customer_0012,customer12@example.com,010-7783-1364,2024-12-05
13,Customer_0013,customer13@example.com,010-3777-7189,2025-06-06
14,Customer_0014,customer14@example.com,010-8498-8035,2025-09-20
15,Customer_0015,customer15@example.com,010-8919-2297,2025-08-12
16,Customer_0016,customer16@example.com,010-5427-6328,2024-12-08
17,Customer_0017,customer17@example.com,010-8475-8339,2025-01-24
18,Customer_0018,customer18@example.com,010-7489-8087,2025-05-27
19,Customer_0019,customer19@example.com,010-1658-8277,2025-09-28
20,Customer_0020,customer20@example.com,010-5568-6789,2025-10-22
21,Customer_0021,customer21@example.com,010-1754-5750,2025-08-12
22,Customer_0022,customer22@example.com,010-8084-1771,2025-11-13
23,Customer_0023,customer23@example.com,010-5497-6091,2025-11-16
24,Customer_0024,customer24@example.com,010-4490-5549,2025-09-07
25,Customer_0025,customer25@example.com,010-3609-2358,2025-04-18
26,Customer_0026,customer26@example.com,010-9233-9435,2025-01-18
27,Customer_0027,customer27@example.com,010-2492-6218,2025-09-28
28,Customer_0028,customer28@example.com,010-3753-7694,2025-03-27
29,Customer_0029,customer29@example.com,010-3538-2217,2025-02-25
30,Customer_0030,customer30@example.com,010-8132-1356,2025-02-04
31,Customer_0031,customer31@example.com,010-2956-7634,2025-08-24
32,Customer_0032,customer32@example.com,010-9332-9967,2025-10-30
33,Customer_0033,customer33@example.com,010-9122-8509,2025-07-28
34,Customer_0034,customer34@example.com,010-5164-9336,2024-12-10
35,Customer_0035,customer35@example.com,010-9410-5160,2025-09-16
36,Customer_0036,customer36@example.com,010-4688-4111,2025-07-31
37,Customer_0037,customer37@example.com,010-2684-2817,2025-06-23
38,Customer_0038,customer38@example.com,010-3065-1232,2025-10-29
39,Customer_0039,customer39@example.com,010-9020-3720,2025-08-11
40,Customer_0040,customer40@example.com,010-2105-8929,2025-04-24
41,Customer_0041,customer41@example.com,010-7796-1449,2025-09-07
42,Customer_0042,customer42@example.com,010-9082-9606,2025-10-30
43,Customer_0043,customer43@example.com,010-3848-1055,2024-12-16
44,Customer_0044,customer44@example.com,010-2187-1887,2025-04-11
45,Customer_0045,customer45@example.com,010-8905-3009,2025-08-27
46,Customer_0046,customer46@example.com,010-6807-8778,2025-06-18
47,Customer_0047,customer47@example.com,010-8512-2865,2025-06-18
48,Customer_0048,customer48@example.com,010-3287-7822,2025-08-06
49,Customer_0049,customer49@example.com,010-6326-9772,2025-02-03
50,Customer_0050,customer50@example.com,010-8677-9410,2025-10-06
51,Customer_0051,customer51@example.com,010-6109-2106,2025-02-09
52,Customer_0052,customer52@example.com,010-2411-3421,2025-08-30
53,Customer_0053,customer53@example.com,010-2181-2542,2025-06-27
54,Customer_0054,customer54@example.com,010-1054-8921,2025-05-01
55,Customer_0055,customer55@example.com,010-1551-7943,2025-09-03
56,Customer_0056,customer56@example.com,010-4460-9533,2025-10-03
57,Customer_0057,customer57@example.com,010-1423-9403,2024-12-15
58,Customer_0058,customer58@example.com,010-9847-4982,2025-10-01
59,Customer_0059,customer59@example.com,010-7407-9750,2025-03-12
60,Customer_0060,customer60@example.com,010-7336-3701,2025-04-26
61,Customer_0061,customer61@example.com,010-5313-6358,2025-08-24
62,Customer_0062,customer62@example.com,010-6745-3779,2024-12-18
63,Customer_0063,customer63@example.com,010-6168-1938,2025-11-05
64,Customer_0064,customer64@example.com,010-4216-4871,2025-10-26
65,Customer_0065,customer65@example.com,010-4321-4113,2024-12-07
66,Customer_0066,customer66@example.com,010-3615-8545,2025-09-09
67,Customer_0067,customer67@example.com,010-2672-7186,2024-12-05
68,Customer_0068,customer68@example.com,010-8226-5499,2025-09-06
69,Customer_0069,customer69@example.com,010-1736-3204,2025-07-19
70,Customer_0070,customer70@example.com,010-1995-3176,2025-03-19
71,Customer_0071,customer71@example.com,010-5411-1759,2025-04-25
72,Customer_0072,customer72@example.com,010-2911-3918,2024-12-30
73,Customer_0073,customer73@example.com,010-4644-4548,2025-09-13
74,Customer_0074,customer74@example.com,010-4103-9726,2025-02-03
75,Customer_0075,customer75@example.com,010-7169-9288,2025-11-18
76,Customer_0076,customer76@example.com,010-6351-1082,2025-04-14
77,Customer_0077,customer77@example.com,010-5030-9497,2024-12-15
78,Customer_0078,customer78@example.com,010-4207-9219,2025-02-04
79,Customer_0079,customer79@example.com,010-3785-7371,2025-10-14
80,Customer_0080,customer80@example.com,010-1103-8633,2025-01-30
81,Customer_0081,customer81@example.com,010-4748-4107,2025-07-23
82,Customer_0082,customer82@example.com,010-7599-8817,2025-05-31
83,Customer_0083,customer83@example.com,010-3277-3580,2025-06-02
84,Customer_0084,customer84@example.com,010-5962-7758,2025-11-10
85,Customer_0085,customer85@example.com,010-7151-5713,2025-08-08
86,Customer_0086,customer86@example.com,010-4656-2208,2025-07-29
87,Customer_0087,customer87@example.com,010-8888-4759,2025-01-31
88,Customer_0088,customer88@example.com,010-8364-4898,2025-10-10
89,Customer_0089,customer89@example.com,010-7758-2981,2025-10-11
90,Customer_0090,customer90@example.com,010-8178-5905,2025-10-09
91,Customer_0091,customer91@example.com,010-8764-3789,2025-03-26
92,Customer_0092,customer92@example.com,010-5424-9433,2025-10-23
93,Customer_0093,customer93@example.com,010-1792-7697,2025-05-15
94,Customer_0094,customer94@example.com,010-7803-7623,2025-01-12
95,Customer_0095,customer95@example.com,010-5348-7000,2024-12-31
96,Customer_0096,customer96@example.com,010-4884-7226,2024-12-11
97,Customer_0097,customer97@example.com,010-6972-4070,2025-07-26
98,Customer_0098,customer98@example.com,010-7563-7968,2025-07-29
99,Customer_0099,customer99@example.com,010-3381-5075,2025-04-15
100,Customer_0100,customer100@example.com,010-9978-8715,2025-05-17
101,Customer_0101,customer101@example.com,010-1049-3452,2025-09-13
102,Customer_0102,customer102@example.com,010-1059-5197,2025-03-07
103,Customer_0103,customer103@example.com,010-1449-8185,2025-03-14
104,Customer_0104,customer104@example.com,010-5193-3899,2025-08-04
105,Customer_0105,customer105@example.com,010-9526-6056,2024-12-14
106,Customer_0106,customer106@example.com,010-1202-7522,2025-08-20
107,Customer_0107,customer107@example.com,010-5067-5322,2025-01-29
108,Customer_0108,customer108@example.com,010-9459-7997,2024-12-20
109,Customer_0109,customer109@example.com,010-9236-1697,2025-06-09
110,Customer_0110,customer110@example.com,010-9953-9274,2025-05-18
111,Customer_0111,customer111@example.com,010-7303-2068,2025-07-21
112,Customer_0112,customer112@example.com,010-3479-5383,2025-10-24
113,Customer_0113,customer113@example.com,010-8487-5078,2025-10-10
114,Customer_0114,customer114@example.com,010-7237-5199,2025-02-02
115,Customer_0115,customer115@example.com,010-9060-3112,2025-02-23
116,Customer_0116,customer116@example.com,010-4988-6755,2025-08-31
117,Customer_0117,customer117@example.com,010-2371-5294,2025-09-25
118,Customer_0118,customer118@example.com,010-2768-6388,2025-03-03
119,Customer_0119,customer119@example.com,010-3908-4908,2025-01-14
120,Customer_0120,customer120@example.com,010-5351-2376,2025-04-10
121,Customer_0121,customer121@example.com,010-2215-6487,2025-10-02
122,Customer_0122,customer122@example.com,010-3908-9899,2024-12-26
123,Customer_0123,customer123@example.com,010-1962-9594,2025-04-04
124,Customer_0124,customer124@example.com,010-4562-1030,2025-01-08
125,Customer_0125,customer125@example.com,010-7018-7599,2025-04-30
126,Customer_0126,customer126@example.com,010-9626-8124,2025-09-17
127,Customer_0127,customer127@example.com,010-5557-2392,2025-04-26
128,Customer_0128,customer128@example.com,010-6713-3977,2025-02-24
129,Customer_0129,customer129@example.com,010-9001-5227,2025-06-21
130,Customer_0130,customer130@example.com,010-4003-7856,2025-03-20
131,Customer_0131,customer131@example.com,010-3342-3271,2025-09-25
132,Customer_0132,customer132@example.com,010-5951-4437,2025-07-16
133,Customer_0133,customer133@example.com,010-9446-2920,2025-07-11
134,Customer_0134,customer134@example.com,010-2343-5362,2025-10-24
135,Customer_0135,customer135@example.com,010-8719-3331,2025-04-13
136,Customer_0136,customer136@example.com,010-3519-3936,2025-04-24
137,Customer_0137,customer137@example.com,010-9496-6434,2025-01-03
138,Customer_0138,customer138@example.com,010-3617-4265,2025-08-17
139,Customer_0139,customer139@example.com,010-7505-7254,2025-02-19
140,Customer_0140,customer140@example.com,010-7686-5154,2025-07-12
141,Customer_0141,customer141@example.com,010-1093-2815,2025-04-05
142,Customer_0142,customer142@example.com,010-9540-7607,2025-02-19
143,Customer_0143,customer143@example.com,010-8716-6238,2025-06-17
144,Customer_0144,customer144@example.com,010-6627-8882,2025-01-13
145,Customer_0145,customer145@example.com,010-7286-8272,2024-12-08
146,Customer_0146,customer146@example.com,010-2735-3071,2025-06-05
147,Customer_0147,customer147@example.com,010-4449-1067,2025-10-21
148,Customer_0148,customer148@example.com,010-4078-6131,2025-03-26
149,Customer_0149,customer149@example.com,010-1783-7382,2025-09-28
150,Customer_0150,customer150@example.com,010-3609-1089,2025-01-04
151,Customer_0151,customer151@example.com,010-1288-6066,2025-09-21
152,Customer_0152,customer152@example.com,010-4735-9631,2025-09-02
153,Customer_0153,customer153@example.com,010-6682-7178,2025-07-11
154,Customer_0154,customer154@example.com,010-9918-5676,2024-12-28
155,Customer_0155,customer155@example.com,010-1492-8385,2025-11-17
156,Customer_0156,customer156@example.com,010-7784-4595,2025-11-27
157,Customer_0157,customer157@example.com,010-3857-5446,2025-07-31
158,Customer_0158,customer158@example.com,010-2270-9112,2025-09-07
159,Customer_0159,customer159@example.com,010-9751-1813,2025-09-29
160,Customer_0160,customer160@example.com,010-8707-3080,2025-04-01
161,Customer_0161,customer161@example.com,010-8683-8437,2025-06-28
162,Customer_0162,customer162@example.com,010-3055-5387,2025-09-30
163,Customer_0163,customer163@example.com,010-1178-7952,2025-07-17
164,Customer_0164,customer164@example.com,010-3877-8315,2025-02-10
165,Customer_0165,customer165@example.com,010-4545-2332,2024-12-17
166,Customer_0166,customer166@example.com,010-2983-8951,2025-04-20
167,Customer_0167,customer167@example.com,010-5951-4629,2024-12-21
168,Customer_0168,customer168@example.com,010-6449-6085,2025-08-11
169,Customer_0169,customer169@example.com,010-8303-8614,2025-07-22
170,Customer_0170,customer170@example.com,010-8574-9696,2025-11-02
171,Customer_0171,customer171@example.com,010-8093-9590,2025-04-18
172,Customer_0172,customer172@example.com,010-9400-9303,2024-12-23
173,Customer_0173,customer173@example.com,010-5650-3911,2025-08-02
174,Customer_0174,customer174@example.com,010-7222-5920,2025-04-13
175,Customer_0175,customer175@example.com,010-6635-6653,2025-08-06
176,Customer_0176,customer176@example.com,010-1614-7273,2025-07-03
177,Customer_0177,customer177@example.com,010-5071-3526,2025-09-10
178,Customer_0178,customer178@example.com,010-1918-2266,2025-01-01
179,Customer_0179,customer179@example.com,010-7961-7011,2025-02-23
180,Customer_0180,customer180@example.com,010-5183-3395,2025-11-08
181,Customer_0181,customer181@example.com,010-2059-9525,2024-12-12
182,Customer_0182,customer182@example.com,010-9314-7023,2024-12-12
183,Customer_0183,customer183@example.com,010-1362-3285,2025-07-08
184,Customer_0184,customer184@example.com,010-2735-9188,2025-08-21
185,Customer_0185,customer185@example.com,010-2207-8324,2025-01-25
186,Customer_0186,customer186@example.com,010-9388-1623,2025-03-29
187,Customer_0187,customer187@example.com,010-8288-5741,2025-08-10
188,Customer_0188,customer188@example.com,010-4572-9130,2025-09-30
189,Customer_0189,customer189@example.com,010-7907-5292,2025-02-28
190,Customer_0190,customer190@example.com,010-7314-5422,2025-01-17
191,Customer_0191,customer191@example.com,010-4021-8019,2025-08-15
192,Customer_0192,customer192@example.com,010-5089-8656,2025-08-28
193,Customer_0193,customer193@example.com,010-9179-6529,2025-11-20
194,Customer_0194,customer194@example.com,010-1618-2438,2025-09-15
195,Customer_0195,customer195@example.com,010-9551-8480,2025-03-06
196,Customer_0196,customer196@example.com,010-8889-9690,2025-08-28
197,Customer_0197,customer197@example.com,010-4380-5176,2025-07-30
198,Customer_0198,customer198@example.com,010-4560-1800,2025-08-04
199,Customer_0199,customer199@example.com,010-6334-6908,2025-05-23
200,Customer_0200,customer200@example.com,010-9918-6935,2025-01-31
201,Customer_0201,customer201@example.com,010-3108-6659,2025-09-07
202,Customer_0202,customer202@example.com,010-6314-6758,2025-10-08
203,Customer_0203,customer203@example.com,010-7195-4296,2025-10-28
204,Customer_0204,customer204@example.com,010-3883-2067,2025-06-02
205,Customer_0205,customer205@example.com,010-1447-1012,2025-01-03
206,Customer_0206,customer206@example.com,010-4808-3312,2025-10-02
207,Customer_0207,customer207@example.com,010-7002-7563,2025-04-26
208,Customer_0208,customer208@example.com,010-1129-7884,2025-07-05
209,Customer_0209,customer209@example.com,010-2800-7657,2025-03-25
210,Customer_0210,customer210@example.com,010-2350-9560,2025-01-01
211,Customer_0211,customer211@example.com,010-5882-8340,2025-08-25
212,Customer_0212,customer212@example.com,010-6235-5498,2025-01-17
213,Customer_0213,customer213@example.com,010-4677-1702,2025-04-02
214,Customer_0214,customer214@example.com,010-1061-7852,2025-11-19
215,Customer_0215,customer215@example.com,010-9054-3755,2024-12-05
216,Customer_0216,customer216@example.com,010-8912-7961,2025-07-31
217,Customer_0217,customer217@example.com,010-3996-2849,2025-08-05
218,Customer_0218,customer218@example.com,010-4922-1921,2025-12-03
219,Customer_0219,customer219@example.com,010-5683-9756,2025-11-07
220,Customer_0220,customer220@example.com,010-8972-8747,2025-04-20
221,Customer_0221,customer221@example.com,010-5872-4694,2025-10-30
222,Customer_0222,customer222@example.com,010-2485-6143,2025-09-02
223,Customer_0223,customer223@example.com,010-7825-7511,2025-05-17
224,Customer_0224,customer224@example.com,010-9551-8423,2025-06-23
225,Customer_0225,customer225@example.com,010-1733-3697,2025-01-14
226,Customer_0226,customer226@example.com,010-5560-8563,2025-09-24
227,Customer_0227,customer227@example.com,010-1812-8358,2025-02-20
228,Customer_0228,customer228@example.com,010-1071-1463,2025-04-13
229,Customer_0229,customer229@example.com,010-6317-9584,2024-12-21
230,Customer_0230,customer230@example.com,010-9233-9186,2025-04-02
231,Customer_0231,customer231@example.com,010-7943-1021,2025-09-17
232,Customer_0232,customer232@example.com,010-5216-4499,2025-01-17
233,Customer_0233,customer233@example.com,010-3445-1351,2025-10-14
234,Customer_0234,customer234@example.com,010-8964-9124,2025-07-12
235,Customer_0235,customer235@example.com,010-6359-2291,2025-07-06
236,Customer_0236,customer236@example.com,010-9454-2524,2025-01-06
237,Customer_0237,customer237@example.com,010-4674-8642,2025-01-24
238,Customer_0238,customer238@example.com,010-7210-4219,2025-02-11
239,Customer_0239,customer239@example.com,010-2620-1835,2025-01-15
240,Customer_0240,customer240@example.com,010-4112-3705,2025-01-09
241,Customer_0241,customer241@example.com,010-5124-6382,2025-10-28
242,Customer_0242,customer242@example.com,010-1049-9917,2025-08-12
243,Customer_0243,customer243@example.com,010-3262-8807,2025-08-08
244,Customer_0244,customer244@example.com,010-9352-4186,2025-06-17
245,Customer_0245,customer245@example.com,010-2025-8764,2025-06-14
246,Customer_0246,customer246@example.com,010-1148-6702,2025-02-03
247,Customer_0247,customer247@example.com,010-7217-9979,2025-08-18
248,Customer_0248,customer248@example.com,010-5307-5162,2025-09-27
249,Customer_0249,customer249@example.com,010-1930-4226,2025-11-19
250,Customer_0250,customer250@example.com,010-1346-3027,2025-06-13
251,Customer_0251,customer251@example.com,010-5815-9070,2025-07-29
252,Customer_0252,customer252@example.com,010-8438-1967,2025-08-22
253,Customer_0253,customer253@example.com,010-3300-4712,2025-05-21
254,Customer_0254,customer254@example.com,010-7683-3609,2025-07-02
255,Customer_0255,customer255@example.com,010-2703-6556,2024-12-19
256,Customer_0256,customer256@example.com,010-2787-5929,2025-04-29
257,Customer_0257,customer257@example.com,010-2827-7494,2024-12-17
258,Customer_0258,customer258@example.com,010-6237-6348,2025-01-19
259,Customer_0259,customer259@example.com,010-4439-1404,2024-12-20
260,Customer_0260,customer260@example.com,010-2461-1484,2025-12-01
261,Customer_0261,customer261@example.com,010-3384-7445,2025-02-01
262,Customer_0262,customer262@example.com,010-2183-3556,2025-10-27
263,Customer_0263,customer263@example.com,010-8348-1350,2025-02-05
264,Customer_0264,customer264@example.com,010-5308-7027,2025-01-18
265,Customer_0265,customer265@example.com,010-3708-1964,2025-07-08
266,Customer_0266,customer266@example.com,010-6616-3381,2025-06-26
267,Customer_0267,customer267@example.com,010-1844-9460,2025-03-24
268,Customer_0268,customer268@example.com,010-4940-2603,2025-06-12
269,Customer_0269,customer269@example.com,010-1239-7091,2025-03-08
270,Customer_0270,customer270@example.com,010-8047-9734,2025-07-28
271,Customer_0271,customer271@example.com,010-8817-6749,2025-03-01
272,Customer_0272,customer272@example.com,010-3627-6019,2025-01-29
273,Customer_0273,customer273@example.com,010-3806-7574,2025-03-06
274,Customer_0274,customer274@example.com,010-8607-4337,2025-06-15
275,Customer_0275,customer275@example.com,010-3630-8948,2025-01-25
276,Customer_0276,customer276@example.com,010-2055-9899,2025-11-17
277,Customer_0277,customer277@example.com,010-7383-4755,2025-05-25
278,Customer_0278,customer278@example.com,010-5658-9495,2025-08-22
279,Customer_0279,customer279@example.com,010-3653-6212,2025-08-02
280,Customer_0280,customer280@example.com,010-8957-1161,2025-10-20
281,Customer_0281,customer281@example.com,010-1928-2077,2025-02-01
282,Customer_0282,customer282@example.com,010-7886-3525,2025-05-14
283,Customer_0283,customer283@example.com,010-9898-8125,2024-12-31
284,Customer_0284,customer284@example.com,010-6447-2748,2025-03-05
285,Customer_0285,customer285@example.com,010-5369-2702,2025-06-01
286,Customer_0286,customer286@example.com,010-7097-6728,2025-11-07
287,Customer_0287,customer287@example.com,010-2314-7964,2025-04-27
288,Customer_0288,customer288@example.com,010-3082-8617,2025-02-28
289,Customer_0289,customer289@example.com,010-7583-3815,2025-11-14
290,Customer_0290,customer290@example.com,010-3969-7241,2024-12-08
291,Customer_0291,customer291@example.com,010-4254-2719,2025-10-28
292,Customer_0292,customer292@example.com,010-9331-2294,2025-08-09
293,Customer_0293,customer293@example.com,010-9629-2056,2025-05-13
294,Customer_0294,customer294@example.com,010-2617-8924,2025-03-15
295,Customer_0295,customer295@example.com,010-8207-1725,2025-01-04
296,Customer_0296,customer296@example.com,010-6743-1866,2025-12-02
297,Customer_0297,customer297@example.com,010-1185-4826,2025-05-30
298,Customer_0298,customer298@example.com,010-5107-9536,2024-12-18
299,Customer_0299,customer299@example.com,010-7875-2601,2025-03-13
300,Customer_0300,customer300@example.com,010-4045-9700,2025-06-16
301,Customer_0301,customer301@example.com,010-4678-8654,2025-04-09
302,Customer_0302,customer302@example.com,010-2864-5284,2025-06-24
303,Customer_0303,customer303@example.com,010-5722-3083,2025-08-19
304,Customer_0304,customer304@example.com,010-9583-1453,2025-11-19
305,Customer_0305,customer305@example.com,010-6331-6932,2025-08-26
306,Customer_0306,customer306@example.com,010-8101-1101,2025-01-11
307,Customer_0307,customer307@example.com,010-5561-2129,2025-07-08
308,Customer_0308,customer308@example.com,010-8558-7929,2025-02-15
309,Customer_0309,customer309@example.com,010-1057-6920,2025-11-03
310,Customer_0310,customer310@example.com,010-6659-1183,2025-04-24
311,Customer_0311,customer311@example.com,010-8531-1791,2025-06-17
312,Customer_0312,customer312@example.com,010-8812-1035,2024-12-28
313,Customer_0313,customer313@example.com,010-1170-6367,2025-03-09
314,Customer_0314,customer314@example.com,010-2385-8657,2025-04-04
315,Customer_0315,customer315@example.com,010-9940-3227,2025-09-22
316,Customer_0316,customer316@example.com,010-1188-9013,2025-06-01
317,Customer_0317,customer317@example.com,010-5538-7659,2025-10-04
318,Customer_0318,customer318@example.com,010-3839-3450,2025-01-18
319,Customer_0319,customer319@example.com,010-8088-8216,2025-04-09
320,Customer_0320,customer320@example.com,010-3893-8001,2025-07-24
321,Customer_0321,customer321@example.com,010-5500-9529,2025-11-27
322,Customer_0322,customer322@example.com,010-1448-9861,2025-07-23
323,Customer_0323,customer323@example.com,010-4943-7602,2025-03-18
324,Customer_0324,customer324@example.com,010-4713-8084,2025-03-07
325,Customer_0325,customer325@example.com,010-5197-2047,2025-04-19
326,Customer_0326,customer326@example.com,010-4742-6755,2025-11-20
327,Customer_0327,customer327@example.com,010-4387-2631,2025-06-19
328,Customer_0328,customer328@example.com,010-5369-2239,2025-07-09
329,Customer_0329,customer329@example.com,010-3772-5252,2025-08-19
330,Customer_0330,customer330@example.com,010-6601-3570,2025-07-08
331,Customer_0331,customer331@example.com,010-5524-6882,2025-07-10
332,Customer_0332,customer332@example.com,010-7708-9572,2025-07-15
333,Customer_0333,customer333@example.com,010-7468-1813,2025-03-27
334,Customer_0334,customer334@example.com,010-3598-7219,2025-03-12
335,Customer_0335,customer335@example.com,010-5642-2044,2025-05-28
336,Customer_0336,customer336@example.com,010-6866-5893,2025-12-03
337,Customer_0337,customer337@example.com,010-1619-1734,2025-11-23
338,Customer_0338,customer338@example.com,010-4591-5185,2025-05-28
339,Customer_0339,customer339@example.com,010-3084-8693,2025-11-14
340,Customer_0340,customer340@example.com,010-6745-2267,2025-09-25
341,Customer_0341,customer341@example.com,010-9010-5658,2025-05-07
342,Customer_0342,customer342@example.com,010-8578-2237,2024-12-25
343,Customer_0343,customer343@example.com,010-9461-7171,2025-09-10
344,Customer_0344,customer344@example.com,010-9267-1513,2025-11-28
345,Customer_0345,customer345@example.com,010-2646-3851,2024-12-07
346,Customer_0346,customer346@example.com,010-8814-7763,2025-07-10
347,Customer_0347,customer347@example.com,010-7467-5012,2025-01-26
348,Customer_0348,customer348@example.com,010-5304-4773,2025-08-08
349,Customer_0349,customer349@example.com,010-3517-7785,2025-03-07
350,Customer_0350,customer350@example.com,010-6013-6133,2025-04-11
351,Customer_0351,customer351@example.com,010-3240-9743,2025-08-28
352,Customer_0352,customer352@example.com,010-7984-1276,2025-10-18
353,Customer_0353,customer353@example.com,010-2618-3182,2025-06-19
354,Customer_0354,customer354@example.com,010-2528-9938,2025-05-27
355,Customer_0355,customer355@example.com,010-2969-9864,2025-03-13
356,Customer_0356,customer356@example.com,010-7627-4011,2025-08-15
357,Customer_0357,customer357@example.com,010-5226-3987,2025-09-22
358,Customer_0358,customer358@example.com,010-6517-4588,2025-07-03
359,Customer_0359,customer359@example.com,010-9688-1493,2025-12-02
360,Customer_0360,customer360@example.com,010-8585-6044,2025-10-27
361,Customer_0361,customer361@example.com,010-5923-3825,2025-05-28
362,Customer_0362,customer362@example.com,010-9913-5739,2025-05-03
363,Customer_0363,customer363@example.com,010-3760-8993,2025-08-22
364,Customer_0364,customer364@example.com,010-2500-3854,2025-05-19
365,Customer_0365,customer365@example.com,010-9483-5818,2025-08-17
366,Customer_0366,customer366@example.com,010-7845-3429,2025-06-02
367,Customer_0367,customer367@example.com,010-5623-2112,2025-06-10
368,Customer_0368,customer368@example.com,010-9182-8068,2025-04-01
369,Customer_0369,customer369@example.com,010-2252-9683,2024-12-16
370,Customer_0370,customer370@example.com,010-6618-6318,2025-04-15
371,Customer_0371,customer371@example.com,010-2481-6247,2025-04-07
372,Customer_0372,customer372@example.com,010-8822-3803,2025-07-18
373,Customer_0373,customer373@example.com,010-1365-4235,2025-09-25
374,Customer_0374,customer374@example.com,010-3698-8411,2025-06-04
375,Customer_0375,customer375@example.com,010-5583-9794,2025-06-12
376,Customer_0376,customer376@example.com,010-5903-7378,2025-08-31
377,Customer_0377,customer377@example.com,010-9293-3441,2025-10-14
378,Customer_0378,customer378@example.com,010-5717-3419,2025-05-22
379,Customer_0379,customer379@example.com,010-4268-9962,2025-01-14
380,Customer_0380,customer380@example.com,010-4475-1465,2025-10-01
381,Customer_0381,customer381@example.com,010-4414-7726,2025-07-01
382,Customer_0382,customer382@example.com,010-9355-6441,2025-02-03
383,Customer_0383,customer383@example.com,010-8545-4721,2025-09-24
384,Customer_0384,customer384@example.com,010-1697-1791,2025-11-25
385,Customer_0385,customer385@example.com,010-1409-2608,2025-07-18
386,Customer_0386,customer386@example.com,010-7586-5365,2025-10-25
387,Customer_0387,customer387@example.com,010-5079-3163,2024-12-18
388,Customer_0388,customer388@example.com,010-4332-2621,2025-08-11
389,Customer_0389,customer389@example.com,010-3565-1723,2025-03-12
390,Customer_0390,customer390@example.com,010-8697-6001,2025-10-10
391,Customer_0391,customer391@example.com,010-6185-1106,2025-03-04
392,Customer_0392,customer392@example.com,010-7959-4271,2025-12-03
393,Customer_0393,customer393@example.com,010-4345-3748,2025-10-06
394,Customer_0394,customer394@example.com,010-2913-9817,2025-08-21
395,Customer_0395,customer395@example.com,010-5370-4119,2025-06-18
396,Customer_0396,customer396@example.com,010-3525-4531,2025-10-09
397,Customer_0397,customer397@example.com,010-5911-9374,2025-11-05
398,Customer_0398,customer398@example.com,010-1688-4058,2025-05-20
399,Customer_0399,customer399@example.com,010-4068-6040,2024-12-08
400,Customer_0400,customer400@example.com,010-2844-9062,2025-05-25
401,Customer_0401,customer401@example.com,010-2186-5949,2025-07-15
402,Customer_0402,customer402@example.com,010-7656-5351,2025-11-05
403,Customer_0403,customer403@example.com,010-4634-2534,2025-05-01
404,Customer_0404,customer404@example.com,010-6279-6321,2025-02-05
405,Customer_0405,customer405@example.com,010-9208-3430,2025-04-09
406,Customer_0406,customer406@example.com,010-6622-9149,2025-10-12
407,Customer_0407,customer407@example.com,010-1718-2874,2025-05-23
408,Customer_0408,customer408@example.com,010-2618-4999,2025-01-01
409,Customer_0409,customer409@example.com,010-9568-8130,2025-07-04
410,Customer_0410,customer410@example.com,010-8958-5532,2025-11-15
411,Customer_0411,customer411@example.com,010-6809-6506,2025-08-14
412,Customer_0412,customer412@example.com,010-2130-7177,2025-11-22
413,Customer_0413,customer413@example.com,010-4585-1326,2025-03-16
414,Customer_0414,customer414@example.com,010-1013-3366,2025-02-23
415,Customer_0415,customer415@example.com,010-5898-8648,2025-04-10
416,Customer_0416,customer416@example.com,010-4461-3119,2025-08-18
417,Customer_0417,customer417@example.com,010-5503-9786,2025-10-10
418,Customer_0418,customer418@example.com,010-5854-3983,2025-01-20
419,Customer_0419,customer419@example.com,010-7836-4182,2025-02-04
420,Customer_0420,customer420@example.com,010-5763-3816,2025-07-17
421,Customer_0421,customer421@example.com,010-5903-6300,2024-12-19
422,Customer_0422,customer422@example.com,010-4269-7310,2025-09-16
423,Customer_0423,customer423@example.com,010-1519-3328,2025-09-24
424,Customer_0424,customer424@example.com,010-2019-6205,2025-10-04
425,Customer_0425,customer425@example.com,010-9385-5768,2025-03-09
426,Customer_0426,customer426@example.com,010-7777-9911,2025-09-11
427,Customer_0427,customer427@example.com,010-6241-4618,2024-12-21
428,Customer_0428,customer428@example.com,010-4528-3571,2025-11-30
429,Customer_0429,customer429@example.com,010-5927-6328,2025-08-08
430,Customer_0430,customer430@example.com,010-9975-2609,2025-09-30
431,Customer_0431,customer431@example.com,010-5231-5400,2025-08-02
432,Customer_0432,customer432@example.com,010-3888-7376,2025-09-10
433,Customer_0433,customer433@example.com,010-8297-2362,2025-08-31
434,Customer_0434,customer434@example.com,010-7588-7623,2025-10-29
435,Customer_0435,customer435@example.com,010-1645-5869,2025-03-31
436,Customer_0436,customer436@example.com,010-8988-1378,2025-02-09
437,Customer_0437,customer437@example.com,010-7266-8324,2025-03-04
438,Customer_0438,customer438@example.com,010-3604-1651,2025-10-27
439,Customer_0439,customer439@example.com,010-4882-6064,2025-08-06
440,Customer_0440,customer440@example.com,010-9348-7028,2025-02-19
441,Customer_0441,customer441@example.com,010-8523-2232,2025-02-12
442,Customer_0442,customer442@example.com,010-3011-4543,2025-05-29
443,Customer_0443,customer443@example.com,010-3160-7939,2025-05-22
444,Customer_0444,customer444@example.com,010-9929-7677,2025-10-27
445,Customer_0445,customer445@example.com,010-9149-3907,2025-07-27
446,Customer_0446,customer446@example.com,010-1630-2767,2025-05-06
447,Customer_0447,customer447@example.com,010-9982-4146,2025-05-11
448,Customer_0448,customer448@example.com,010-8506-9967,2025-10-31
449,Customer_0449,customer449@example.com,010-3562-6658,2025-06-01
450,Customer_0450,customer450@example.com,010-7251-5918,2025-01-04
451,Customer_0451,customer451@example.com,010-8763-1411,2025-09-20
452,Customer_0452,customer452@example.com,010-4229-6187,2025-08-22
453,Customer_0453,customer453@example.com,010-8943-7608,2025-01-31
454,Customer_0454,customer454@example.com,010-7391-6250,2025-04-27
455,Customer_0455,customer455@example.com,010-2563-7536,2025-05-25
456,Customer_0456,customer456@example.com,010-4125-5236,2025-01-29
457,Customer_0457,customer457@example.com,010-1088-3337,2025-03-12
458,Customer_0458,customer458@example.com,010-3781-1127,2025-04-24
459,Customer_0459,customer459@example.com,010-5025-3723,2025-04-18
460,Customer_0460,customer460@example.com,010-8857-5326,2025-02-05
461,Customer_0461,customer461@example.com,010-1657-8785,2025-05-20
462,Customer_0462,customer462@example.com,010-5941-9306,2025-05-29
463,Customer_0463,customer463@example.com,010-3870-5951,2025-05-29
464,Customer_0464,customer464@example.com,010-5433-6821,2025-11-24
465,Customer_0465,customer465@example.com,010-3858-8062,2025-03-21
466,Customer_0466,customer466@example.com,010-5865-5640,2025-06-20
467,Customer_0467,customer467@example.com,010-5220-5414,2025-10-16
468,Customer_0468,customer468@example.com,010-6814-2719,2025-02-10
469,Customer_0469,customer469@example.com,010-4611-7699,2025-03-16
470,Customer_0470,customer470@example.com,010-6330-5951,2025-11-02
471,Customer_0471,customer471@example.com,010-2193-3354,2025-10-10
472,Customer_0472,customer472@example.com,010-3362-1689,2025-05-04
473,Customer_0473,customer473@example.com,010-9644-4850,2025-07-29
474,Customer_0474,customer474@example.com,010-1427-2438,2025-04-24
475,Customer_0475,customer475@example.com,010-9440-1025,2025-03-20
476,Customer_0476,customer476@example.com,010-6521-1423,2025-05-21
477,Customer_0477,customer477@example.com,010-1588-7617,2025-10-25
478,Customer_0478,customer478@example.com,010-1171-8263,2025-09-30
479,Customer_0479,customer479@example.com,010-2439-6635,2025-03-05
480,Customer_0480,customer480@example.com,010-6220-6030,2025-07-04
481,Customer_0481,customer481@example.com,010-5392-9965,2025-07-27
482,Customer_0482,customer482@example.com,010-3524-4465,2025-06-22
483,Customer_0483,customer483@example.com,010-1452-6834,2025-07-06
484,Customer_0484,customer484@example.com,010-9798-9528,2025-08-06
485,Customer_0485,customer485@example.com,010-5405-7419,2025-05-24
486,Customer_0486,customer486@example.com,010-1257-5207,2025-11-06
487,Customer_0487,customer487@example.com,010-9167-1646,2025-09-08
488,Customer_0488,customer488@example.com,010-5574-3382,2025-06-05
489,Customer_0489,customer489@example.com,010-8757-2791,2025-11-15
490,Customer_0490,customer490@example.com,010-7889-9959,2025-05-14
491,Customer_0491,customer491@example.com,010-4859-3982,2025-11-22
492,Customer_0492,customer492@example.com,010-1338-1269,2025-11-08
493,Customer_0493,customer493@example.com,010-4730-1625,2025-11-30
494,Customer_0494,customer494@example.com,010-6618-9742,2025-08-26
495,Customer_0495,customer495@example.com,010-4918-1869,2025-02-26
496,Customer_0496,customer496@example.com,010-4139-5048,2025-07-07
497,Customer_0497,customer497@example.com,010-4925-5369,2025-11-27
498,Customer_0498,customer498@example.com,010-9473-3725,2025-07-22
499,Customer_0499,customer499@example.com,010-9927-9200,2025-07-31
500,Customer_0500,customer500@example.com,010-1493-5978,2025-07-25
501,Customer_0501,customer501@example.com,010-7015-9194,2025-07-27
502,Customer_0502,customer502@example.com,010-8204-3688,2025-02-05
503,Customer_0503,customer503@example.com,010-7645-8912,2025-11-06
504,Customer_0504,customer504@example.com,010-1209-9309,2025-10-17
505,Customer_0505,customer505@example.com,010-2072-1123,2025-10-31
506,Customer_0506,customer506@example.com,010-4643-1382,2025-08-24
507,Customer_0507,customer507@example.com,010-5915-9287,2025-12-03
508,Customer_0508,customer508@example.com,010-2386-8090,2024-12-06
509,Customer_0509,customer509@example.com,010-8327-8602,2025-04-16
510,Customer_0510,customer510@example.com,010-1011-9630,2025-05-15
511,Customer_0511,customer511@example.com,010-8173-8193,2025-01-07
512,Customer_0512,customer512@example.com,010-1129-9277,2024-12-29
513,Customer_0513,customer513@example.com,010-2309-5616,2025-03-02
514,Customer_0514,customer514@example.com,010-1514-9782,2025-06-03
515,Customer_0515,customer515@example.com,010-8219-2744,2025-08-30
516,Customer_0516,customer516@example.com,010-4521-9842,2025-05-14
517,Customer_0517,customer517@example.com,010-2395-5445,2025-01-06
518,Customer_0518,customer518@example.com,010-7751-3321,2025-03-25
519,Customer_0519,customer519@example.com,010-1436-2317,2025-09-18
520,Customer_0520,customer520@example.com,010-3521-5779,2025-09-06
521,Customer_0521,customer521@example.com,010-6225-1883,2025-09-06
522,Customer_0522,customer522@example.com,010-3038-7093,2025-05-25
523,Customer_0523,customer523@example.com,010-3323-5947,2025-03-12
524,Customer_0524,customer524@example.com,010-8833-7680,2025-03-20
525,Customer_0525,customer525@example.com,010-3285-8913,2025-04-01
526,Customer_0526,customer526@example.com,010-2628-6702,2025-03-04
527,Customer_0527,customer527@example.com,010-7421-8645,2025-06-06
528,Customer_0528,customer528@example.com,010-2212-4575,2025-03-29
529,Customer_0529,customer529@example.com,010-4633-5111,2025-02-27
530,Customer_0530,customer530@example.com,010-5732-6309,2025-02-16
531,Customer_0531,customer531@example.com,010-8696-1821,2025-02-09
532,Customer_0532,customer532@example.com,010-4560-1820,2025-04-15
533,Customer_0533,customer533@example.com,010-2855-6750,2025-08-16
534,Customer_0534,customer534@example.com,010-2283-9018,2025-09-01
535,Customer_0535,customer535@example.com,010-3367-9675,2025-11-07
536,Customer_0536,customer536@example.com,010-9656-5678,2025-03-19
537,Customer_0537,customer537@example.com,010-6328-2696,2025-04-06
538,Customer_0538,customer538@example.com,010-3435-1587,2025-01-14
539,Customer_0539,customer539@example.com,010-8530-5927,2025-01-04
540,Customer_0540,customer540@example.com,010-5998-7698,2025-11-17
541,Customer_0541,customer541@example.com,010-6700-2796,2025-07-20
542,Customer_0542,customer542@example.com,010-1071-8964,2024-12-16
543,Customer_0543,customer543@example.com,010-4459-9473,2025-09-18
544,Customer_0544,customer544@example.com,010-5810-8867,2025-07-25
545,Customer_0545,customer545@example.com,010-9757-9311,2025-04-30
546,Customer_0546,customer546@example.com,010-2836-1487,2025-04-21
547,Customer_0547,customer547@example.com,010-9376-2775,2025-04-06
548,Customer_0548,customer548@example.com,010-5282-3709,2025-04-30
549,Customer_0549,customer549@example.com,010-8232-7099,2025-04-20
550,Customer_0550,customer550@example.com,010-4973-6781,2025-09-17
551,Customer_0551,customer551@example.com,010-7634-1608,2025-08-28
552,Customer_0552,customer552@example.com,010-6151-8941,2025-01-17
553,Customer_0553,customer553@example.com,010-7170-8518,2025-04-18
554,Customer_0554,customer554@example.com,010-1714-9013,2025-03-07
555,Customer_0555,customer555@example.com,010-7790-5472,2025-10-07
556,Customer_0556,customer556@example.com,010-4363-4220,2025-05-26
557,Customer_0557,customer557@example.com,010-6462-8764,2025-02-20
558,Customer_0558,customer558@example.com,010-6005-8460,2025-03-01
559,Customer_0559,customer559@example.com,010-5340-6971,2025-04-11
560,Customer_0560,customer560@example.com,010-7461-4533,2025-02-09
561,Customer_0561,customer561@example.com,010-8762-2040,2025-03-26
562,Customer_0562,customer562@example.com,010-3065-8865,2025-01-04
563,Customer_0563,customer563@example.com,010-1614-5431,2025-05-11
564,Customer_0564,customer564@example.com,010-3627-7767,2025-10-11
565,Customer_0565,customer565@example.com,010-3730-7634,2025-10-31
566,Customer_0566,customer566@example.com,010-4221-6175,2025-10-02
567,Customer_0567,customer567@example.com,010-7985-6530,2025-03-18
568,Customer_0568,customer568@example.com,010-6687-3121,2025-03-02
569,Customer_0569,customer569@example.com,010-5884-9019,2025-04-10
570,Customer_0570,customer570@example.com,010-2061-7777,2025-01-06
571,Customer_0571,customer571@example.com,010-4207-4892,2025-01-06
572,Customer_0572,customer572@example.com,010-7326-6593,2025-07-15
573,Customer_0573,customer573@example.com,010-3747-1545,2025-01-26
574,Customer_0574,customer574@example.com,010-7894-5240,2025-11-19
575,Customer_0575,customer575@example.com,010-8853-6059,2025-12-04
576,Customer_0576,customer576@example.com,010-5037-7471,2025-02-22
577,Customer_0577,customer577@example.com,010-2386-9038,2025-10-27
578,Customer_0578,customer578@example.com,010-9606-2601,2025-11-29
579,Customer_0579,customer579@example.com,010-5296-5461,2025-06-27
580,Customer_0580,customer580@example.com,010-9701-3467,2024-12-30
581,Customer_0581,customer581@example.com,010-5257-9924,2025-11-22
582,Customer_0582,customer582@example.com,010-6394-8478,2025-04-10
583,Customer_0583,customer583@example.com,010-6556-8112,2025-11-10
584,Customer_0584,customer584@example.com,010-1492-5332,2025-09-03
585,Customer_0585,customer585@example.com,010-1909-4494,2024-12-07
586,Customer_0586,customer586@example.com,010-8101-3849,2025-08-22
587,Customer_0587,customer587@example.com,010-1070-3609,2025-06-06
588,Customer_0588,customer588@example.com,010-3503-2291,2025-11-06
589,Customer_0589,customer589@example.com,010-1056-6339,2025-11-26
590,Customer_0590,customer590@example.com,010-1431-9072,2025-06-30
591,Customer_0591,customer591@example.com,010-6698-6210,2025-03-18
592,Customer_0592,customer592@example.com,010-5048-5680,2025-11-15
593,Customer_0593,customer593@example.com,010-1849-5629,2025-06-20
594,Customer_0594,customer594@example.com,010-1803-6477,2025-02-02
595,Customer_0595,customer595@example.com,010-5176-8553,2024-12-27
596,Customer_0596,customer596@example.com,010-9560-6874,2025-01-17
597,Customer_0597,customer597@example.com,010-3457-2868,2025-01-09
598,Customer_0598,customer598@example.com,010-5481-3727,2025-02-10
599,Customer_0599,customer599@example.com,010-7671-4263,2025-11-15
600,Customer_0600,customer600@example.com,010-1500-7282,2025-06-29
601,Customer_0601,customer601@example.com,010-1256-6393,2025-03-19
602,Customer_0602,customer602@example.com,010-9340-7358,2025-03-28
603,Customer_0603,customer603@example.com,010-1185-3998,2025-11-07
604,Customer_0604,customer604@example.com,010-7784-6568,2025-03-13
605,Customer_0605,customer605@example.com,010-3066-7691,2025-08-17
606,Customer_0606,customer606@example.com,010-5873-9007,2025-04-04
607,Customer_0607,customer607@example.com,010-7331-3180,2024-12-08
608,Customer_0608,customer608@example.com,010-5028-1007,2025-10-13
609,Customer_0609,customer609@example.com,010-3380-5693,2025-02-17
610,Customer_0610,customer610@example.com,010-6289-2885,2025-10-21
611,Customer_0611,customer611@example.com,010-7905-6299,2025-07-16
612,Customer_0612,customer612@example.com,010-7235-6259,2025-10-06
613,Customer_0613,customer613@example.com,010-7108-8107,2025-08-28
614,Customer_0614,customer614@example.com,010-2778-8794,2024-12-17
615,Customer_0615,customer615@example.com,010-5807-5196,2025-09-01
616,Customer_0616,customer616@example.com,010-8068-2976,2025-10-12
617,Customer_0617,customer617@example.com,010-6515-2128,2025-02-24
618,Customer_0618,customer618@example.com,010-4577-2142,2025-01-23
619,Customer_0619,customer619@example.com,010-6603-4318,2025-06-30
620,Customer_0620,customer620@example.com,010-7766-6294,2025-06-02
621,Customer_0621,customer621@example.com,010-3880-6247,2025-01-08
622,Customer_0622,customer622@example.com,010-7277-8111,2025-02-17
623,Customer_0623,customer623@example.com,010-7411-5830,2025-11-22
624,Customer_0624,customer624@example.com,010-1742-2647,2025-10-28
625,Customer_0625,customer625@example.com,010-2236-3265,2025-04-19
626,Customer_0626,customer626@example.com,010-8797-3829,2025-01-04
627,Customer_0627,customer627@example.com,010-3639-1821,2025-02-18
628,Customer_0628,customer628@example.com,010-2776-9712,2025-07-07
629,Customer_0629,customer629@example.com,010-7856-1858,2025-09-14
630,Customer_0630,customer630@example.com,010-9528-8754,2025-03-15
631,Customer_0631,customer631@example.com,010-8725-6595,2025-08-03
632,Customer_0632,customer632@example.com,010-4133-6139,2025-03-27
633,Customer_0633,customer633@example.com,010-7500-6042,2025-11-14
634,Customer_0634,customer634@example.com,010-4048-4686,2025-04-02
635,Customer_0635,customer635@example.com,010-2229-1979,2025-02-04
636,Customer_0636,customer636@example.com,010-3748-8700,2025-01-07
637,Customer_0637,customer637@example.com,010-3778-5478,2025-01-18
638,Customer_0638,customer638@example.com,010-5717-9567,2025-11-10
639,Customer_0639,customer639@example.com,010-6601-8200,2025-04-06
640,Customer_0640,customer640@example.com,010-9682-4083,2025-10-11
641,Customer_0641,customer641@example.com,010-1924-8661,2025-01-06
642,Customer_0642,customer642@example.com,010-6181-4819,2025-05-01
643,Customer_0643,customer643@example.com,010-3036-4260,2025-05-01
644,Customer_0644,customer644@example.com,010-2102-9523,2025-09-06
645,Customer_0645,customer645@example.com,010-2373-2860,2025-10-03
646,Customer_0646,customer646@example.com,010-2273-2879,2024-12-06
647,Customer_0647,customer647@example.com,010-6770-5839,2025-06-15
648,Customer_0648,customer648@example.com,010-8092-8755,2025-03-12
649,Customer_0649,customer649@example.com,010-7305-5907,2025-11-08
650,Customer_0650,customer650@example.com,010-5316-9094,2025-06-01
651,Customer_0651,customer651@example.com,010-2361-8880,2025-03-23
652,Customer_0652,customer652@example.com,010-2730-9078,2025-10-31
653,Customer_0653,customer653@example.com,010-3910-1885,2025-03-25
654,Customer_0654,customer654@example.com,010-8632-2289,2024-12-16
655,Customer_0655,customer655@example.com,010-9027-3986,2025-12-01
656,Customer_0656,customer656@example.com,010-6416-5053,2025-08-04
657,Customer_0657,customer657@example.com,010-8040-2406,2025-04-19
658,Customer_0658,customer658@example.com,010-3971-6471,2025-05-16
659,Customer_0659,customer659@example.com,010-6296-8776,2025-09-28
660,Customer_0660,customer660@example.com,010-6802-5593,2025-01-26
661,Customer_0661,customer661@example.com,010-1126-7838,2025-05-20
662,Customer_0662,customer662@example.com,010-6037-8156,2025-10-26
663,Customer_0663,customer663@example.com,010-8253-3842,2025-04-01
664,Customer_0664,customer664@example.com,010-8320-3089,2025-08-13
665,Customer_0665,customer665@example.com,010-7131-7397,2025-06-05
666,Customer_0666,customer666@example.com,010-1300-2676,2025-03-31
667,Customer_0667,customer667@example.com,010-3619-2974,2025-07-14
668,Customer_0668,customer668@example.com,010-6503-9333,2024-12-05
669,Customer_0669,customer669@example.com,010-7737-8131,2025-08-06
670,Customer_0670,customer670@example.com,010-8183-5243,2025-04-29
671,Customer_0671,customer671@example.com,010-3244-6098,2025-08-23
672,Customer_0672,customer672@example.com,010-4040-6273,2025-08-23
673,Customer_0673,customer673@example.com,010-8228-5285,2025-08-01
674,Customer_0674,customer674@example.com,010-4724-6445,2025-08-12
675,Customer_0675,customer675@example.com,010-3860-9402,2025-05-16
676,Customer_0676,customer676@example.com,010-8772-4835,2025-03-31
677,Customer_0677,customer677@example.com,010-9384-5705,2025-07-18
678,Customer_0678,customer678@example.com,010-1073-4430,2025-03-28
679,Customer_0679,customer679@example.com,010-9460-5605,2025-10-07
680,Customer_0680,customer680@example.com,010-6029-8500,2025-09-02
681,Customer_0681,customer681@example.com,010-5033-2748,2025-01-21
682,Customer_0682,customer682@example.com,010-5242-7854,2025-02-21
683,Customer_0683,customer683@example.com,010-8569-8141,2025-03-27
684,Customer_0684,customer684@example.com,010-9013-7517,2025-07-13
685,Customer_0685,customer685@example.com,010-3438-8157,2025-09-09
686,Customer_0686,customer686@example.com,010-8644-9068,2025-07-01
687,Customer_0687,customer687@example.com,010-3989-7336,2025-03-23
688,Customer_0688,customer688@example.com,010-4614-1572,2025-05-01
689,Customer_0689,customer689@example.com,010-5675-8440,2025-11-06
690,Customer_0690,customer690@example.com,010-5249-6375,2025-05-27
691,Customer_0691,customer691@example.com,010-5366-7886,2025-03-21
692,Customer_0692,customer692@example.com,010-9867-2835,2025-09-24
693,Customer_0693,customer693@example.com,010-4669-2923,2025-08-26
694,Customer_0694,customer694@example.com,010-3687-8392,2025-11-16
695,Customer_0695,customer695@example.com,010-8445-3590,2025-03-22
696,Customer_0696,customer696@example.com,010-7863-8931,2025-01-27
697,Customer_0697,customer697@example.com,010-2269-5821,2025-06-17
698,Customer_0698,customer698@example.com,010-2704-9290,2024-12-06
699,Customer_0699,customer699@example.com,010-4605-8752,2024-12-14
700,Customer_0700,customer700@example.com,010-2738-8348,2025-01-14
701,Customer_0701,customer701@example.com,010-9466-1030,2025-01-24
702,Customer_0702,customer702@example.com,010-9289-5754,2025-03-06
703,Customer_0703,customer703@example.com,010-9376-1659,2025-05-07
704,Customer_0704,customer704@example.com,010-2593-1534,2025-03-03
705,Customer_0705,customer705@example.com,010-1832-5042,2025-06-21
706,Customer_0706,customer706@example.com,010-2339-6231,2025-03-13
707,Customer_0707,customer707@example.com,010-3981-6401,2025-09-01
708,Customer_0708,customer708@example.com,010-1213-6839,2025-10-17
709,Customer_0709,customer709@example.com,010-5976-1701,2024-12-26
710,Customer_0710,customer710@example.com,010-2267-7149,2025-01-22
711,Customer_0711,customer711@example.com,010-3137-6731,2025-12-02
712,Customer_0712,customer712@example.com,010-7385-5288,2024-12-07
713,Customer_0713,customer713@example.com,010-7752-6165,2025-11-23
714,Customer_0714,customer714@example.com,010-6631-7698,2025-01-24
715,Customer_0715,customer715@example.com,010-9626-6038,2024-12-14
716,Customer_0716,customer716@example.com,010-2934-4759,2025-03-31
717,Customer_0717,customer717@example.com,010-6786-5608,2025-04-05
718,Customer_0718,customer718@example.com,010-4986-9501,2025-02-09
719,Customer_0719,customer719@example.com,010-1857-2508,2025-08-08
720,Customer_0720,customer720@example.com,010-1134-8349,2025-10-06
721,Customer_0721,customer721@example.com,010-2436-1735,2025-05-27
722,Customer_0722,customer722@example.com,010-5146-5541,2025-10-30
723,Customer_0723,customer723@example.com,010-9860-5906,2025-05-15
724,Customer_0724,customer724@example.com,010-5412-3004,2025-02-02
725,Customer_0725,customer725@example.com,010-8545-1655,2025-05-20
726,Customer_0726,customer726@example.com,010-6041-6279,2025-04-25
727,Customer_0727,customer727@example.com,010-7665-2786,2025-10-29
728,Customer_0728,customer728@example.com,010-3318-3835,2025-05-31
729,Customer_0729,customer729@example.com,010-9303-2106,2025-04-05
730,Customer_0730,customer730@example.com,010-6139-6530,2025-02-20
731,Customer_0731,customer731@example.com,010-9989-4638,2025-08-28
732,Customer_0732,customer732@example.com,010-5910-6093,2025-07-27
733,Customer_0733,customer733@example.com,010-6521-7154,2024-12-16
734,Customer_0734,customer734@example.com,010-5604-3621,2025-06-06
735,Customer_0735,customer735@example.com,010-4153-1575,2025-09-05
736,Customer_0736,customer736@example.com,010-2728-2361,2025-06-25
737,Customer_0737,customer737@example.com,010-1895-2425,2025-09-02
738,Customer_0738,customer738@example.com,010-5019-9682,2025-05-26
739,Customer_0739,customer739@example.com,010-1531-3694,2025-05-22
740,Customer_0740,customer740@example.com,010-1279-2707,2025-05-04
741,Customer_0741,customer741@example.com,010-3286-9134,2025-10-02
742,Customer_0742,customer742@example.com,010-8617-7430,2025-07-10
743,Customer_0743,customer743@example.com,010-2240-1352,2025-05-17
744,Customer_0744,customer744@example.com,010-7223-2354,2025-08-11
745,Customer_0745,customer745@example.com,010-6143-2384,2025-11-18
746,Customer_0746,customer746@example.com,010-7021-6556,2025-09-26
747,Customer_0747,customer747@example.com,010-3294-6683,2025-10-06
748,Customer_0748,customer748@example.com,010-6142-1537,2025-11-12
749,Customer_0749,customer749@example.com,010-1741-4021,2025-01-02
750,Customer_0750,customer750@example.com,010-8722-2068,2025-07-21
751,Customer_0751,customer751@example.com,010-5950-4642,2025-08-23
752,Customer_0752,customer752@example.com,010-4289-4818,2025-07-11
753,Customer_0753,customer753@example.com,010-8775-3464,2025-05-22
754,Customer_0754,customer754@example.com,010-9978-5593,2025-09-06
755,Customer_0755,customer755@example.com,010-9045-9684,2025-10-30
756,Customer_0756,customer756@example.com,010-2632-4735,2025-01-27
757,Customer_0757,customer757@example.com,010-4868-3982,2025-11-14
758,Customer_0758,customer758@example.com,010-5567-6620,2025-01-26
759,Customer_0759,customer759@example.com,010-4494-9984,2025-08-22
760,Customer_0760,customer760@example.com,010-4672-4129,2025-12-03
761,Customer_0761,customer761@example.com,010-9137-1445,2025-06-15
762,Customer_0762,customer762@example.com,010-4965-2651,2025-04-24
763,Customer_0763,customer763@example.com,010-4560-4928,2025-02-06
764,Customer_0764,customer764@example.com,010-2291-4378,2025-08-20
765,Customer_0765,customer765@example.com,010-7714-6341,2025-04-03
766,Customer_0766,customer766@example.com,010-8941-8397,2025-05-30
767,Customer_0767,customer767@example.com,010-2291-2573,2025-09-16
768,Customer_0768,customer768@example.com,010-3924-4199,2025-05-25
769,Customer_0769,customer769@example.com,010-5579-4729,2025-06-10
770,Customer_0770,customer770@example.com,010-8829-9438,2025-11-10
771,Customer_0771,customer771@example.com,010-8414-7400,2025-03-27
772,Customer_0772,customer772@example.com,010-9372-1512,2025-08-24
773,Customer_0773,customer773@example.com,010-3722-7850,2025-10-09
774,Customer_0774,customer774@example.com,010-6258-9064,2025-08-27
775,Customer_0775,customer775@example.com,010-8389-7250,2025-07-25
776,Customer_0776,customer776@example.com,010-5282-7322,2025-09-20
777,Customer_0777,customer777@example.com,010-4138-6163,2025-08-03
778,Customer_0778,customer778@example.com,010-4544-2410,2025-09-29
779,Customer_0779,customer779@example.com,010-5697-9161,2025-09-14
780,Customer_0780,customer780@example.com,010-2656-9752,2025-11-25
781,Customer_0781,customer781@example.com,010-7234-3241,2025-07-27
782,Customer_0782,customer782@example.com,010-1987-8635,2024-12-27
783,Customer_0783,customer783@example.com,010-9061-2083,2025-10-04
784,Customer_0784,customer784@example.com,010-1434-1884,2025-11-28
785,Customer_0785,customer785@example.com,010-7849-6665,2025-04-29
786,Customer_0786,customer786@example.com,010-1377-7386,2025-08-29
787,Customer_0787,customer787@example.com,010-6505-6078,2025-07-07
788,Customer_0788,customer788@example.com,010-2353-9620,2025-10-04
789,Customer_0789,customer789@example.com,010-3096-6394,2025-09-06
790,Customer_0790,customer790@example.com,010-1841-9496,2025-07-14
791,Customer_0791,customer791@example.com,010-1795-6877,2025-04-01
792,Customer_0792,customer792@example.com,010-1187-1114,2025-09-06
793,Customer_0793,customer793@example.com,010-4314-3076,2025-10-05
794,Customer_0794,customer794@example.com,010-2477-5538,2025-09-15
795,Customer_0795,customer795@example.com,010-4134-1717,2025-01-21
796,Customer_0796,customer796@example.com,010-2996-8685,2025-10-06
797,Customer_0797,customer797@example.com,010-2899-1787,2025-09-26
798,Customer_0798,customer798@example.com,010-1506-7799,2025-04-13
799,Customer_0799,customer799@example.com,010-7139-7895,2025-05-21
800,Customer_0800,customer800@example.com,010-5026-4457,2025-11-20
801,Customer_0801,customer801@example.com,010-9794-4779,2024-12-17
802,Customer_0802,customer802@example.com,010-6110-3525,2025-02-23
803,Customer_0803,customer803@example.com,010-1298-6112,2025-10-21
804,Customer_0804,customer804@example.com,010-1120-2080,2025-04-29
805,Customer_0805,customer805@example.com,010-8185-2483,2024-12-25
806,Customer_0806,customer806@example.com,010-1650-7199,2025-10-23
807,Customer_0807,customer807@example.com,010-4130-1009,2025-06-07
808,Customer_0808,customer808@example.com,010-1258-2978,2025-09-17
809,Customer_0809,customer809@example.com,010-7935-9279,2025-07-04
810,Customer_0810,customer810@example.com,010-6962-6094,2025-06-24
811,Customer_0811,customer811@example.com,010-8190-8404,2025-10-26
812,Customer_0812,customer812@example.com,010-8144-3902,2025-04-22
813,Customer_0813,customer813@example.com,010-9480-8823,2025-11-01
814,Customer_0814,customer814@example.com,010-6027-8431,2025-08-31
815,Customer_0815,customer815@example.com,010-6028-1603,2025-01-13
816,Customer_0816,customer816@example.com,010-6246-4725,2024-12-22
817,Customer_0817,customer817@example.com,010-8244-5106,2025-07-12
818,Customer_0818,customer818@example.com,010-5287-7476,2025-06-18
819,Customer_0819,customer819@example.com,010-7023-3772,2025-07-17
820,Customer_0820,customer820@example.com,010-4041-3644,2025-04-09
821,Customer_0821,customer821@example.com,010-9650-7406,2025-05-22
822,Customer_0822,customer822@example.com,010-5895-9644,2025-01-08
823,Customer_0823,customer823@example.com,010-1888-6224,2025-01-03
824,Customer_0824,customer824@example.com,010-2829-5296,2025-01-27
825,Customer_0825,customer825@example.com,010-2919-1735,2025-02-27
826,Customer_0826,customer826@example.com,010-4654-5184,2024-12-15
827,Customer_0827,customer827@example.com,010-8733-2519,2025-03-28
828,Customer_0828,customer828@example.com,010-5771-7990,2025-01-06
829,Customer_0829,customer829@example.com,010-5593-7918,2025-05-15
830,Customer_0830,customer830@example.com,010-1406-9451,2025-02-22
831,Customer_0831,customer831@example.com,010-3746-2474,2025-11-18
832,Customer_0832,customer832@example.com,010-2213-2158,2025-10-27
833,Customer_0833,customer833@example.com,010-1456-4762,2025-09-18
834,Customer_0834,customer834@example.com,010-9525-8314,2025-11-15
835,Customer_0835,customer835@example.com,010-1192-4761,2025-05-18
836,Customer_0836,customer836@example.com,010-3769-9326,2024-12-24
837,Customer_0837,customer837@example.com,010-2770-1170,2025-12-03
838,Customer_0838,customer838@example.com,010-1768-9350,2025-07-24
839,Customer_0839,customer839@example.com,010-3510-4782,2025-07-25
840,Customer_0840,customer840@example.com,010-7000-7322,2025-06-29
841,Customer_0841,customer841@example.com,010-3966-2789,2025-06-20
842,Customer_0842,customer842@example.com,010-8261-3420,2025-09-25
843,Customer_0843,customer843@example.com,010-1830-4621,2025-10-30
844,Customer_0844,customer844@example.com,010-4867-6069,2025-05-26
845,Customer_0845,customer845@example.com,010-3090-2159,2025-03-21
846,Customer_0846,customer846@example.com,010-9110-8174,2025-04-23
847,Customer_0847,customer847@example.com,010-8836-5393,2024-12-10
848,Customer_0848,customer848@example.com,010-6267-9747,2025-07-07
849,Customer_0849,customer849@example.com,010-6552-8962,2025-05-20
850,Customer_0850,customer850@example.com,010-6059-9917,2025-04-01
851,Customer_0851,customer851@example.com,010-2139-7515,2025-10-12
852,Customer_0852,customer852@example.com,010-8600-1296,2025-04-21
853,Customer_0853,customer853@example.com,010-1991-4202,2025-03-26
854,Customer_0854,customer854@example.com,010-1674-5921,2025-06-07
855,Customer_0855,customer855@example.com,010-5013-8842,2025-11-14
856,Customer_0856,customer856@example.com,010-8617-5123,2025-11-07
857,Customer_0857,customer857@example.com,010-6451-8650,2025-07-09
858,Customer_0858,customer858@example.com,010-3767-4942,2025-01-02
859,Customer_0859,customer859@example.com,010-3811-3653,2025-01-03
860,Customer_0860,customer860@example.com,010-8445-9285,2025-11-10
861,Customer_0861,customer861@example.com,010-7425-3739,2025-01-27
862,Customer_0862,customer862@example.com,010-3059-4234,2025-08-03
863,Customer_0863,customer863@example.com,010-6297-6682,2025-08-27
864,Customer_0864,customer864@example.com,010-5892-5112,2025-03-25
865,Customer_0865,customer865@example.com,010-1223-1321,2025-10-02
866,Customer_0866,customer866@example.com,010-9268-1791,2025-06-30
867,Customer_0867,customer867@example.com,010-9969-7508,2025-02-22
868,Customer_0868,customer868@example.com,010-6285-3020,2025-02-03
869,Customer_0869,customer869@example.com,010-7037-4878,2025-02-10
870,Customer_0870,customer870@example.com,010-5632-2017,2024-12-24
871,Customer_0871,customer871@example.com,010-7786-4127,2025-05-29
872,Customer_0872,customer872@example.com,010-1834-6491,2025-10-20
873,Customer_0873,customer873@example.com,010-2450-6537,2025-01-19
874,Customer_0874,customer874@example.com,010-9296-5194,2025-08-14
875,Customer_0875,customer875@example.com,010-7043-3234,2025-11-19
876,Customer_0876,customer876@example.com,010-6796-7581,2025-10-12
877,Customer_0877,customer877@example.com,010-7028-1082,2025-11-18
878,Customer_0878,customer878@example.com,010-5458-3203,2025-08-01
879,Customer_0879,customer879@example.com,010-3600-3694,2025-09-13
880,Customer_0880,customer880@example.com,010-1799-4263,2025-02-05
881,Customer_0881,customer881@example.com,010-6410-8283,2025-12-01
882,Customer_0882,customer882@example.com,010-8239-4425,2025-06-02
883,Customer_0883,customer883@example.com,010-3770-8051,2025-05-27
884,Customer_0884,customer884@example.com,010-2411-9995,2025-10-03
885,Customer_0885,customer885@example.com,010-7522-4459,2025-11-03
886,Customer_0886,customer886@example.com,010-9287-1756,2025-08-19
887,Customer_0887,customer887@example.com,010-9189-9076,2025-11-12
888,Customer_0888,customer888@example.com,010-6806-8620,2025-11-05
889,Customer_0889,customer889@example.com,010-7700-5344,2025-06-29
890,Customer_0890,customer890@example.com,010-5594-9852,2024-12-24
891,Customer_0891,customer891@example.com,010-4266-9477,2025-09-27
892,Customer_0892,customer892@example.com,010-1293-3233,2025-06-29
893,Customer_0893,customer893@example.com,010-4769-8646,2024-12-16
894,Customer_0894,customer894@example.com,010-9339-9752,2025-09-23
895,Customer_0895,customer895@example.com,010-5905-9477,2025-11-07
896,Customer_0896,customer896@example.com,010-9817-1776,2025-07-27
897,Customer_0897,customer897@example.com,010-4657-5902,2025-04-01
898,Customer_0898,customer898@example.com,010-8203-6734,2025-07-13
899,Customer_0899,customer899@example.com,010-6951-8219,2025-12-03
900,Customer_0900,customer900@example.com,010-4644-8007,2025-08-13
901,Customer_0901,customer901@example.com,010-9044-7000,2025-09-08
902,Customer_0902,customer902@example.com,010-6869-2377,2025-05-15
903,Customer_0903,customer903@example.com,010-7503-9300,2025-07-13
904,Customer_0904,customer904@example.com,010-5749-4759,2025-01-28
905,Customer_0905,customer905@example.com,010-6184-7145,2025-02-13
906,Customer_0906,customer906@example.com,010-9705-6100,2025-09-14
907,Customer_0907,customer907@example.com,010-5611-9870,2025-02-05
908,Customer_0908,customer908@example.com,010-5145-2167,2025-03-09
909,Customer_0909,customer909@example.com,010-7779-5434,2025-07-11
910,Customer_0910,customer910@example.com,010-5852-1096,2024-12-28
911,Customer_0911,customer911@example.com,010-9419-5056,2025-04-25
912,Customer_0912,customer912@example.com,010-4014-5655,2025-07-25
913,Customer_0913,customer913@example.com,010-7278-3330,2025-05-21
914,Customer_0914,customer914@example.com,010-9696-3481,2025-03-19
915,Customer_0915,customer915@example.com,010-1446-3612,2025-03-18
916,Customer_0916,customer916@example.com,010-1805-2838,2025-04-15
917,Customer_0917,customer917@example.com,010-5627-9479,2025-11-10
918,Customer_0918,customer918@example.com,010-9946-6743,2025-06-17
919,Customer_0919,customer919@example.com,010-3864-3935,2025-02-11
920,Customer_0920,customer920@example.com,010-2582-1928,2025-03-07
921,Customer_0921,customer921@example.com,010-6664-9524,2025-06-07
922,Customer_0922,customer922@example.com,010-5915-5833,2025-02-01
923,Customer_0923,customer923@example.com,010-1189-3934,2024-12-09
924,Customer_0924,customer924@example.com,010-4415-1014,2025-03-02
925,Customer_0925,customer925@example.com,010-9229-2837,2025-05-24
926,Customer_0926,customer926@example.com,010-4193-1734,2025-01-05
927,Customer_0927,customer927@example.com,010-1162-7651,2025-05-11
928,Customer_0928,customer928@example.com,010-8683-5727,2025-02-07
929,Customer_0929,customer929@example.com,010-9979-8944,2025-04-19
930,Customer_0930,customer930@example.com,010-4054-2779,2025-10-10
931,Customer_0931,customer931@example.com,010-2130-4351,2025-05-20
932,Customer_0932,customer932@example.com,010-2011-3529,2025-04-24
933,Customer_0933,customer933@example.com,010-2330-2575,2025-06-21
934,Customer_0934,customer934@example.com,010-7593-2918,2025-04-27
935,Customer_0935,customer935@example.com,010-4350-8513,2025-10-07
936,Customer_0936,customer936@example.com,010-5066-7891,2025-05-02
937,Customer_0937,customer937@example.com,010-7940-5389,2025-09-09
938,Customer_0938,customer938@example.com,010-9754-7660,2025-04-26
939,Customer_0939,customer939@example.com,010-1809-3449,2025-07-10
940,Customer_0940,customer940@example.com,010-4919-5859,2025-04-13
941,Customer_0941,customer941@example.com,010-7412-5763,2025-07-03
942,Customer_0942,customer942@example.com,010-8067-2903,2025-06-25
943,Customer_0943,customer943@example.com,010-3812-7488,2025-06-26
944,Customer_0944,customer944@example.com,010-8651-5117,2025-06-28
945,Customer_0945,customer945@example.com,010-4676-5482,2024-12-05
946,Customer_0946,customer946@example.com,010-2636-3468,2025-05-10
947,Customer_0947,customer947@example.com,010-9545-4619,2025-04-14
948,Customer_0948,customer948@example.com,010-6918-7942,2025-07-22
949,Customer_0949,customer949@example.com,010-6145-7849,2025-05-14
950,Customer_0950,customer950@example.com,010-3997-9358,2025-02-06
951,Customer_0951,customer951@example.com,010-7314-5206,2025-07-07
952,Customer_0952,customer952@example.com,010-3057-3373,2025-04-29
953,Customer_0953,customer953@example.com,010-1867-1744,2025-11-28
954,Customer_0954,customer954@example.com,010-9483-2574,2025-03-06
955,Customer_0955,customer955@example.com,010-6405-5196,2025-01-26
956,Customer_0956,customer956@example.com,010-3805-5258,2024-12-19
957,Customer_0957,customer957@example.com,010-9326-2204,2025-04-17
958,Customer_0958,customer958@example.com,010-3015-8189,2025-07-13
959,Customer_0959,customer959@example.com,010-2121-9912,2025-02-25
960,Customer_0960,customer960@example.com,010-5795-2962,2025-01-01
961,Customer_0961,customer961@example.com,010-2033-9889,2025-06-01
962,Customer_0962,customer962@example.com,010-5170-4331,2025-07-30
963,Customer_0963,customer963@example.com,010-8121-3277,2025-04-21
964,Customer_0964,customer964@example.com,010-8073-5853,2025-03-06
965,Customer_0965,customer965@example.com,010-4064-4099,2025-05-21
966,Customer_0966,customer966@example.com,010-3510-4978,2024-12-13
967,Customer_0967,customer967@example.com,010-6354-9360,2025-08-12
968,Customer_0968,customer968@example.com,010-6697-6012,2025-05-10
969,Customer_0969,customer969@example.com,010-2938-8425,2025-02-11
970,Customer_0970,customer970@example.com,010-2948-4027,2025-10-10
971,Customer_0971,customer971@example.com,010-4521-3541,2025-03-04
972,Customer_0972,customer972@example.com,010-1916-9431,2025-02-06
973,Customer_0973,customer973@example.com,010-4279-9186,2025-07-11
974,Customer_0974,customer974@example.com,010-1085-6544,2025-07-01
975,Customer_0975,customer975@example.com,010-3571-6560,2025-08-22
976,Customer_0976,customer976@example.com,010-9514-3860,2025-03-05
977,Customer_0977,customer977@example.com,010-6967-7539,2025-08-31
978,Customer_0978,customer978@example.com,010-8172-2266,2024-12-25
979,Customer_0979,customer979@example.com,010-9676-1406,2025-09-23
980,Customer_0980,customer980@example.com,010-8308-2144,2025-11-13
981,Customer_0981,customer981@example.com,010-4340-4643,2025-06-30
982,Customer_0982,customer982@example.com,010-6881-5779,2025-03-19
983,Customer_0983,customer983@example.com,010-5331-8852,2025-04-12
984,Customer_0984,customer984@example.com,010-1941-1854,2025-05-05
985,Customer_0985,customer985@example.com,010-7246-4812,2025-06-15
986,Customer_0986,customer986@example.com,010-7236-1710,2024-12-08
987,Customer_0987,customer987@example.com,010-8711-4176,2025-09-11
988,Customer_0988,customer988@example.com,010-5586-3548,2025-01-06
989,Customer_0989,customer989@example.com,010-7886-8772,2025-01-26
990,Customer_0990,customer990@example.com,010-5377-2290,2024-12-27
991,Customer_0991,customer991@example.com,010-4806-1601,2025-01-15
992,Customer_0992,customer992@example.com,010-3522-7350,2025-04-28
993,Customer_0993,customer993@example.com,010-4484-3957,2025-08-27
994,Customer_0994,customer994@example.com,010-5466-6410,2025-12-04
995,Customer_0995,customer995@example.com,010-5360-1034,2025-08-16
996,Customer_0996,customer996@example.com,010-4643-5625,2025-02-19
997,Customer_0997,customer997@example.com,010-7807-5498,2025-08-18
998,Customer_0998,customer998@example.com,010-8462-1292,2025-04-20
999,Customer_0999,customer999@example.com,010-9582-6025,2025-04-12
1000,Customer_1000,customer1000@example.com,010-9719-9901,2025-03-13
